-- Insert Users and their Roles
INSERT INTO USERX (ID, USERNAME, FIRST_NAME, LAST_NAME, PASSWORD, WORK_MODE_VISIBILITY, CREATED_BY, CREATE_DATE, ENABLED)
VALUES
    (1, 'admin', 'Admin', 'Istrator', '{bcrypt}$2a$10$Bm27OvKm5FENObph7xPfnO2L1mbKyjpG3LdeixGrJV0xC7TgcFGX2', 'PUBLIC', 'admin', '2016-01-01 00:00:00', TRUE),
    (2, 'manager', 'Susi', 'Kaufgern', '{bcrypt}$2a$10$Bm27OvKm5FENObph7xPfnO2L1mbKyjpG3LdeixGrJV0xC7TgcFGX2', 'HIDDEN', 'admin', '2016-01-01 00:00:00', TRUE),
    (3, 'user2', 'Max', 'Mustermann', '{bcrypt}$2a$10$Bm27OvKm5FENObph7xPfnO2L1mbKyjpG3LdeixGrJV0xC7TgcFGX2', 'PUBLIC', 'admin', '2016-01-01 00:00:00', TRUE),
    (4, 'elvis','Elvis', 'The King', '{bcrypt}$2a$10$Bm27OvKm5FENObph7xPfnO2L1mbKyjpG3LdeixGrJV0xC7TgcFGX2',  'PRIVATE', 'admin', '2016-01-01 00:00:00', TRUE),
    (5, 'groupleader', 'Gerhard', 'Grau', '{bcrypt}$2a$10$Bm27OvKm5FENObph7xPfnO2L1mbKyjpG3LdeixGrJV0xC7TgcFGX2', 'PUBLIC', 'admin', '2016-01-01 00:00:00', TRUE);

INSERT INTO USERX_USERX_ROLE (USERX_ID, ROLES)
VALUES
    -- admin
    (1, 'ADMINISTRATOR'), (1, 'EMPLOYEE'),
    -- manager
    (2, 'MANAGER'), (2, 'EMPLOYEE'),
    -- user2
    (3, 'EMPLOYEE'),
    -- elvis
    (4, 'GROUP_LEADER'), (4, 'EMPLOYEE'), (4, 'MANAGER'),
    -- groupleader
    (5, 'GROUP_LEADER'), (5, 'EMPLOYEE');

-- Insert Work Groups
INSERT INTO WORKGROUP (ID, GROUP_LEADER, DISABLED, NAME, DESCRIPTION, CREATED_BY, CREATE_DATE)
VALUES
-- GROUP_LEADER = groupleader
    (1, 5, false, 'Group 1', 'Description for Group 1', 'admin', '2016-01-01 00:00:00'),
    (2, 5, false, 'Group 2', 'Description for Group 2', 'admin', '2016-01-01 00:00:00'),
-- GROUP_LEADER = elvis
    (3, 4, false, 'Group 3', 'Description for Group 3', 'admin', '2016-01-01 00:00:00'),
    (4, 4, false, 'Group 4', 'Description for Group 4', 'admin', '2016-01-01 00:00:00');

-- Assign Users to Work Groups
INSERT INTO USERX_WORKGROUP (WORKGROUP_ID, USER_ID)
VALUES
    -- Assign users to work group 1 (admin, manager, user2, groupleader)
    (1, 1), (1, 2), (1, 3), (1, 5),
    -- Assign users to work group 2 (user2, groupleader)
    (2, 3), (2, 5),
    -- Assign users to work group 3 (admin, manager, elvis, groupleader)
    (3, 1), (3, 2), (3, 4), (3, 5),
    -- Assign users to work group 4 (admin, manager, elvis, groupleader)
    (4, 1), (4, 2), (4, 4), (4, 5);

-- Insert Projects
INSERT INTO PROJECT (ID, PROJECT_MANAGER, NAME, DESCRIPTION, DISABLED, CREATED_BY, CREATE_DATE)
VALUES
-- PROJECT_MANAGER = manager
    (1, 2, 'Project 1', 'Description for Project 1', false, 'admin', '2016-01-01 00:00:00'),
    (2, 2, 'Project 2', 'Description for Project 2', false, 'admin', '2016-01-01 00:00:00'),
-- PROJECT_MANAGER = elvis
    (3, 4, 'Project 3', 'Description for Project 3', false, 'admin', '2016-01-01 00:00:00');

-- Assign Work Groups to Projects
INSERT INTO WORKGROUP_PROJECT (PROJECT_ID, WORKGROUP_ID)
VALUES
    (1, 1),
    (2, 1), (2, 2), (2, 4),
    (3, 3), (3, 4);

-- Assign Users to Projects
INSERT INTO USERX_PROJECT (PROJECT_ID, USER_ID)
VALUES
-- Assign users to project 1 (admin, manager, user2, groupleader)
    (1, 1), (1, 2), (1, 3), (1, 5),
-- Assign all users to project 2
    (2, 1), (2, 2), (2, 3), (2, 4), (2, 5),
-- Assign users to project 3 (admin, manager, elvis, groupleader)
    (3, 1), (3, 2), (3, 4), (3, 5);


-- Insert TimeRecords for user admin
INSERT INTO TIME_RECORD (ID, START_TIME, END_TIME, USER_ID, WORK_MODE, PROJECT_ID, WORKGROUP_ID, CREATED_BY, CREATE_DATE)
VALUES
    (1, '2024-05-22 08:00:00', '2024-05-22 12:00:00', 1, 'MEETING', 3, 4, 'admin', '2024-05-22 08:00:00'),
    (2, '2024-05-22 12:00:00', '2024-05-22 14:00:00', 1, 'OUT_OF_OFFICE', NULL, NULL, 'admin', '2024-05-22 12:00:00'),
    (3, '2024-05-23 09:00:00', '2024-05-23 17:00:00', 1, 'AVAILABLE', 1, 1, 'admin', '2024-05-23 09:00:00'),
    (4, '2024-05-24 10:00:00', '2024-05-24 14:00:00', 1, 'DEEP_WORK', 2, 2, 'admin', '2024-05-24 10:00:00'),
    (5, '2024-05-24 14:00:00', '2024-05-24 17:00:00', 1, 'AVAILABLE', 2, 2, 'admin', '2024-05-24 14:00:00'),
    (6, '2024-05-24 17:00:00', '2024-05-24 18:30:00', 1, 'MEETING', 2, 2, 'admin', '2024-05-24 17:00:00'),
    (7, '2024-05-20 11:00:00', '2024-05-20 18:30:00', 1, 'MEETING', 1, 1, 'admin', '2024-05-20 11:00:00'),
    (8, '2024-05-27 09:00:00', '2024-05-27 12:00:00', 1, 'AVAILABLE', 1, 1, 'admin', '2024-05-27 09:00:00'),
    (9, '2024-05-27 13:00:00', '2024-05-27 17:00:00', 1, 'DEEP_WORK', 2, 2, 'admin', '2024-05-27 13:00:00'),
    (10, '2024-05-28 08:00:00', '2024-05-28 11:00:00', 1, 'AVAILABLE', NULL, NULL, 'admin', '2024-05-28 08:00:00'),
    (11, '2024-05-28 07:00:00', '2024-05-28 08:00:00', 1, 'MEETING', NULL, NULL, 'admin', '2024-05-28 12:00:00');

-- Insert TimeRecords for user manager
INSERT INTO TIME_RECORD (ID, START_TIME, END_TIME, USER_ID, WORK_MODE, PROJECT_ID, WORKGROUP_ID, CREATED_BY, CREATE_DATE)
VALUES
    (12, '2024-05-22 08:00:00', '2024-05-22 12:00:00', 2, 'AVAILABLE', 1, 1, 'manager', '2024-05-22 08:00:00'),
    (13, '2024-05-22 13:00:00', '2024-05-22 17:00:00', 2, 'MEETING', 3, 3, 'manager', '2024-05-22 13:00:00'),
    (14, '2024-05-23 08:00:00', '2024-05-23 12:00:00', 2, 'AVAILABLE', 1, 1, 'manager', '2024-05-23 08:00:00'),
    (15, '2024-05-23 12:00:00', '2024-05-23 17:00:00', 2, 'OUT_OF_OFFICE', NULL, NULL, 'manager', '2024-05-23 12:00:00'),
    (16, '2024-05-24 08:00:00', '2024-05-24 12:00:00', 2, 'AVAILABLE', NULL, NULL, 'manager', '2024-05-24 08:00:00');

-- Insert TimeRecords for user user2
INSERT INTO TIME_RECORD (ID, START_TIME, END_TIME, USER_ID, WORK_MODE, PROJECT_ID, WORKGROUP_ID, CREATED_BY, CREATE_DATE)
VALUES
    (17, '2024-05-22 08:00:00', '2024-05-22 12:00:00', 3, 'AVAILABLE', 1, 1, 'user2', '2024-05-22 08:00:00'),
    (18, '2024-05-22 13:00:00', '2024-05-22 17:00:00', 3, 'MEETING', 3, 3, 'user2', '2024-05-22 13:00:00'),
    (19, '2024-05-23 08:00:00', '2024-05-23 12:00:00', 3, 'AVAILABLE', NULL, NULL, 'user2', '2024-05-23 08:00:00'),
    (20, '2024-05-23 13:00:00', '2024-05-23 17:00:00', 3, 'DEEP_WORK', NULL, NULL, 'user2', '2024-05-23 13:00:00'),
    (21, '2024-05-24 08:00:00', '2024-05-24 12:00:00', 3, 'AVAILABLE', NULL, NULL, 'user2', '2024-05-24 08:00:00');

-- Insert TimeRecords for user elvis
INSERT INTO TIME_RECORD (ID, START_TIME, END_TIME, USER_ID, WORK_MODE, PROJECT_ID, WORKGROUP_ID, CREATED_BY, CREATE_DATE)
VALUES
    (22, '2024-05-22 08:00:00', '2024-05-22 13:00:00', 4, 'OUT_OF_OFFICE', NULL, NULL, 'elvis', '2024-05-22 08:00:00'),
    (23, '2024-05-22 13:00:00', '2024-05-22 17:00:00', 4, 'MEETING', 2, 2, 'elvis', '2024-05-22 13:00:00'),
    (24, '2024-05-23 08:00:00', '2024-05-23 12:00:00', 4, 'AVAILABLE', 2, 4, 'elvis', '2024-05-23 08:00:00'),
    (25, '2024-05-23 13:00:00', '2024-05-23 17:00:00', 4, 'DEEP_WORK', 2, 4, 'elvis', '2024-05-23 13:00:00'),
    (26, '2024-05-24 08:00:00', '2024-05-24 17:00:00', 4, 'OUT_OF_OFFICE', NULL, NULL, 'elvis', '2024-05-24 08:00:00');

-- Insert TimeRecords for user groupleader
INSERT INTO TIME_RECORD (ID, START_TIME, END_TIME, USER_ID, WORK_MODE, PROJECT_ID, WORKGROUP_ID, CREATED_BY, CREATE_DATE)
VALUES
    (27, '2024-05-22 08:00:00', '2024-05-22 12:00:00', 5, 'AVAILABLE', 1, 1, 'groupleader', '2024-05-22 08:00:00'),
    (28, '2024-05-22 13:00:00', '2024-05-22 17:00:00', 5, 'MEETING', 2, 2, 'groupleader', '2024-05-22 13:00:00'),
    (29, '2024-05-23 08:00:00', '2024-05-23 12:00:00', 5, 'AVAILABLE', 2, 2, 'groupleader', '2024-05-23 08:00:00'),
    (30, '2024-05-23 12:00:00', '2024-05-23 17:00:00', 5, 'DEEP_WORK', NULL, NULL, 'groupleader', '2024-05-23 12:00:00'),
    (31, '2024-05-24 08:00:00', '2024-05-24 12:00:00', 5, 'AVAILABLE', NULL, NULL, 'groupleader', '2024-05-24 08:00:00');

-- Insert Rooms
INSERT INTO room (room_number, floor, CREATED_BY, CREATE_DATE)
VALUES
    ('Room1', 'Floor1', 'admin', '2016-01-01 00:00:00'),
    ('Room2', 'Floor2', 'admin', '2016-01-01 00:00:00'),
    ('Room3', 'Floor3', 'admin', '2016-01-01 00:00:00'),
    ('Room4', 'Floor4', 'admin', '2016-01-01 00:00:00');

-- Insert Limits for Rooms
INSERT INTO LIMITS (id, room_number, sensor_type, lower_limit, upper_limit, message_lower, message_upper, CREATED_BY, CREATE_DATE)
VALUES
    (1, 'Room1', 'AIR_TEMPERATURE', 20.0, 30.0, 'Check for open windows and doors and turn up the heating.', 'Check for open windows and doors and turn on AC', 'admin', '2016-01-01 00:00:00'),
    (2, 'Room1', 'AIR_HUMIDITY', 40.0, 60.0, 'Close the windows and turn off the air humidifier.', 'Turn on the air humidifier.', 'admin', '2016-01-01 00:00:00'),
    (3, 'Room1', 'AIR_QUALITY', 00.0, 50.0, 'Perfect Air', 'Open a window.', 'admin', '2016-01-01 00:00:00'),
    (4, 'Room1', 'LIGHT_INTENSITY', 700.0, 2000.0, 'Turn on a light.', 'Close the window shades or turn off a light.', 'admin', '2016-01-01 00:00:00'),
    (5, 'Room2', 'AIR_TEMPERATURE', 20.0, 30.0, 'Check for open windows and doors and turn up the heating.', 'Check for open windows and doors and turn on AC', 'admin', '2016-01-01 00:00:00'),
    (6, 'Room2', 'AIR_HUMIDITY', 40.0, 60.0, 'Close the windows and turn off the air humidifier.', 'Turn on the air humidifier.', 'admin', '2016-01-01 00:00:00'),
    (7, 'Room2', 'AIR_QUALITY', 00.0, 50.0, 'Perfect Air', 'Open a window.', 'admin', '2016-01-01 00:00:00'),
    (8, 'Room2', 'LIGHT_INTENSITY', 700.0, 2000.0, 'Turn on a light.', 'Close the window shades or turn off a light.', 'admin', '2016-01-01 00:00:00'),
    (9, 'Room3', 'AIR_TEMPERATURE', 35.0, 50.0, 'Check for open windows and doors and turn up the heating.', 'Check for open windows and doors and turn on AC', 'admin', '2016-01-01 00:00:00'),
    (10, 'Room3', 'AIR_HUMIDITY', 70.0, 80.0, 'Close the windows and turn off the air humidifier.', 'Turn on the air humidifier.', 'admin', '2016-01-01 00:00:00'),
    (11, 'Room3', 'AIR_QUALITY', 80.0, 300.0, 'Perfect Air', 'Open a window.', 'admin', '2016-01-01 00:00:00'),
    (12, 'Room3', 'LIGHT_INTENSITY', 50.0, 150.0, 'Turn on a light.', 'Close the window shades or turn off a light.', 'admin', '2016-01-01 00:00:00'),
    (13, 'Room4', 'AIR_TEMPERATURE', 20.0, 30.0, 'Check for open windows and doors and turn up the heating.', 'Check for open windows and doors and turn on AC', 'admin', '2016-01-01 00:00:00'),
    (14, 'Room4', 'AIR_HUMIDITY', 40.0, 60.0, 'Close the windows and turn off the air humidifier.', 'Turn on the air humidifier.', 'admin', '2016-01-01 00:00:00'),
    (15, 'Room4', 'AIR_QUALITY', 00.0, 50.0, 'Perfect Air', 'Open a window.', 'admin', '2016-01-01 00:00:00'),
    (16, 'Room4', 'LIGHT_INTENSITY', 700.0, 2000.0, 'Turn on a light.', 'Close the window shades or turn off a light.', 'admin', '2016-01-01 00:00:00');

-- Insert Test Devices
INSERT INTO TEMPERA_DEVICE (ID, STATUS, CREATED_BY, CREATE_DATE)
VALUES
    (1, 'ENABLED', 'admin', '2016-01-01 00:00:00'),
    (2, 'ENABLED', 'admin', '2016-01-01 00:00:00');

UPDATE USERX
SET TEMPERA_DEVICE_ID = 1, DEFAULT_PROJECT = 1
WHERE USERNAME = 'user2';
UPDATE USERX
SET TEMPERA_DEVICE_ID = 2, DEFAULT_PROJECT = 3
WHERE USERNAME = 'admin';

-- Insert Test Access Points
INSERT INTO ACCESS_POINT (ID, STATUS, ROOM_NUMBER, CREATED_BY, CREATE_DATE, CONNECTED, LAST_CONNECTION)
VALUES
    (1, 'ENABLED', 'Room1', 'admin', '2016-01-01 00:00:00', false, '2016-01-01 00:00:00'),
    (2, 'ENABLED', 'Room2', 'admin', '2016-01-01 00:00:00', false, '2016-01-01 00:00:00');

INSERT INTO ACCESS_POINT_TEMPERA_DEVICES (ACCESS_POINT_ID, TEMPERA_DEVICES_ID)
VALUES
    (1, 1), (1, 2);

-- Insert Test Sensors for Tempera Device 1 (user2)
INSERT INTO SENSOR (SENSOR_TYPE, SENSOR_UNIT, ID, CREATED_BY, CREATE_DATE)
VALUES
    ('AIR_TEMPERATURE', 'CELSIUS', 1, 'admin', '2016-01-01 00:00:00'),
    ('AIR_HUMIDITY', 'PERCENT', 2, 'admin', '2016-01-01 00:00:00'),
    ('AIR_QUALITY', 'PPM', 3, 'admin', '2016-01-01 00:00:00'),
    ('LIGHT_INTENSITY', 'LUX', 4, 'admin', '2016-01-01 00:00:00'),
    ('AIR_TEMPERATURE', 'CELSIUS', 5, 'admin', '2016-01-01 00:00:00'),
    ('AIR_HUMIDITY', 'PERCENT', 6, 'admin', '2016-01-01 00:00:00'),
    ('AIR_QUALITY', 'PPM', 7, 'admin', '2016-01-01 00:00:00'),
    ('LIGHT_INTENSITY', 'LUX', 8, 'admin', '2016-01-01 00:00:00');

INSERT INTO TEMPERA_DEVICE_SENSORS (TEMPERA_DEVICE_ID, SENSORS_ID)
VALUES
    (1, 1), (1, 2), (1, 3), (1, 4),
    (2, 5), (2, 6), (2, 7), (2, 8);

--Insert LogTemperaDevice so that AccessPoint1 has a connection to TemperaDevice 1 and 2
INSERT INTO LOG_TEMPERA_DEVICE (ID, TEMPERA_DEVICE_ID, TIMESTAMP, LOG_STATUS, NEW_STATUS)
VALUES
    (1, 1, '2024-05-30 12:38:47.749465', 'CREATED', 'ENABLED'),
    (2, 2, '2024-05-30 12:38:47.749465', 'CREATED', 'ENABLED');

INSERT INTO ACCESS_POINT_LOG_TEMPERA_DEVICES (ACCESS_POINT_ID, LOG_TEMPERA_DEVICES_ID)
VALUES
    (1, 1), (1, 2);

-- Insert Measurements for Device 2 (admin)
INSERT INTO CLIMATE_MEASUREMENT (ID, MEASURED_VALUE, SENSOR_ID, TIME_STAMP)
VALUES
    (1, 26.0, 5, '2024-05-29 14:45:00'), (2, 52.0, 6, '2024-05-29 14:45:00'), (3, 45.0, 7, '2024-05-29 14:45:00'), (4, 704.0, 8, '2024-05-29 14:45:00'),
    (5, 25.5, 5, '2024-05-29 14:46:00'), (6, 51.0, 6, '2024-05-29 14:46:00'), (7, 40.5, 7, '2024-05-29 14:46:00'), (8, 705.0, 8, '2024-05-29 14:46:00'),
    (9, 28.5, 5, '2024-05-29 14:47:00'), (10, 51.0, 6, '2024-05-29 14:47:00'), (11, 41.0, 7, '2024-05-29 14:47:00'), (12, 706.0, 8, '2024-05-29 14:47:00'),
    (13, 28.0, 5, '2024-05-29 14:48:00'), (14, 50.0, 6, '2024-05-29 14:48:00'), (15, 40.7, 7, '2024-05-29 14:48:00'), (16, 705.0, 8, '2024-05-29 14:48:00'),
    (17, 27.5, 5, '2024-05-29 14:49:00'), (18, 50.0, 6, '2024-05-29 14:49:00'), (19, 42.0, 7, '2024-05-29 14:49:00'), (20, 706.0, 8, '2024-05-29 14:49:00'),
    (21, 26.5, 5, '2024-05-29 14:50:00'), (22, 49.0, 6, '2024-05-29 14:50:00'), (23, 43.0, 7, '2024-05-29 14:50:00'), (24, 707.0, 8, '2024-05-29 14:50:00'),
    (25, 25.5, 5, '2024-05-29 14:51:00'), (26, 49.0, 6, '2024-05-29 14:51:00'), (27, 44.0, 7, '2024-05-29 14:51:00'), (28, 705.0, 8, '2024-05-29 14:51:00'),
    (29, 24.5, 5, '2024-05-29 14:52:00'), (30, 48.0, 6, '2024-05-29 14:52:00'), (31, 44.0, 7, '2024-05-29 14:52:00'), (32, 700.0, 8, '2024-05-29 14:52:00'),
    (33, 23.5, 5, '2024-05-29 14:53:00'), (34, 48.0, 6, '2024-05-29 14:53:00'), (35, 45.0, 7, '2024-05-29 14:53:00'), (36, 705.0, 8, '2024-05-29 14:53:00'),
    (37, 22.5, 5, '2024-05-29 14:54:00'), (38, 48.0, 6, '2024-05-29 14:54:00'), (39, 46.0, 7, '2024-05-29 14:54:00'), (40, 710.0, 8, '2024-05-29 14:54:00'),
    (41, 21.5, 5, '2024-05-29 14:55:00'), (42, 51.0, 6, '2024-05-29 14:55:00'), (43, 47.0, 7, '2024-05-29 14:55:00'), (44, 725.0, 8, '2024-05-29 14:55:00'),
    (45, 20.5, 5, '2024-05-29 14:56:00'), (46, 47.0, 6, '2024-05-29 14:56:00'), (47, 47.0, 7, '2024-05-29 14:56:00'), (48, 705.0, 8, '2024-05-29 14:56:00'),
    (49, 20.5, 5, '2024-05-29 14:57:00'), (50, 51.0, 6, '2024-05-29 14:57:00'), (51, 40.7, 7, '2024-05-29 14:57:00'), (52, 700.0, 8, '2024-05-29 14:57:00'),
    (53, 20.5, 5, '2024-05-29 14:58:00'), (54, 47.0, 6, '2024-05-29 14:58:00'), (55, 48.0, 7, '2024-05-29 14:58:00'), (56, 650.0, 8, '2024-05-29 14:58:00'),
    (57, 20.5, 5, '2024-05-29 14:59:00'), (58, 46.0, 6, '2024-05-29 14:59:00'), (59, 48.0, 7, '2024-05-29 14:59:00'), (60, 655.0, 8, '2024-05-29 14:59:00'),
    (61, 21.5, 5, '2024-05-29 15:00:00'), (62, 45.0, 6, '2024-05-29 15:00:00'), (63, 49.0, 7, '2024-05-29 15:00:00'), (64, 655.0, 8, '2024-05-29 15:00:00'),
    (65, 22.0, 5, '2024-05-29 15:01:00'), (66, 45.0, 6, '2024-05-29 15:01:00'), (67, 48.0, 7, '2024-05-29 15:01:00'), (68, 675.0, 8, '2024-05-29 15:01:00'),
    (69, 22.0, 5, '2024-05-29 15:02:00'), (70, 46.0, 6, '2024-05-29 15:02:00'), (71, 47.0, 7, '2024-05-29 15:02:00'), (72, 685.0, 8, '2024-05-29 15:02:00'),
    (73, 22.0, 5, '2024-05-29 15:03:00'), (74, 47.0, 6, '2024-05-29 15:03:00'), (75, 47.0, 7, '2024-05-29 15:03:00'), (76, 690.0, 8, '2024-05-29 15:03:00'),
    (77, 22.5, 5, '2024-05-29 15:04:00'), (78, 48.0, 6, '2024-05-29 15:04:00'), (79, 47.0, 7, '2024-05-29 15:04:00'), (80, 695.0, 8, '2024-05-29 15:04:00'),
    (81, 23.5, 5, '2024-05-29 15:05:00'), (82, 49.0, 6, '2024-05-29 15:05:00'), (83, 47.0, 7, '2024-05-29 15:05:00'), (84, 700.0, 8, '2024-05-29 15:05:00'),
    (85, 24.5, 5, '2024-05-29 15:06:00'), (86, 51.0, 6, '2024-05-29 15:06:00'), (87, 47.0, 7, '2024-05-29 15:06:00'), (88, 705.0, 8, '2024-05-29 15:06:00'),
    (89, 25.5, 5, '2024-05-29 15:07:00'), (90, 51.0, 6, '2024-05-29 15:07:00'), (91, 46.0, 7, '2024-05-29 15:07:00'), (92, 705.0, 8, '2024-05-29 15:07:00'),
    (93, 25.5, 5, '2024-05-29 15:08:00'), (94, 51.0, 6, '2024-05-29 15:08:00'), (95, 46.0, 7, '2024-05-29 15:08:00'), (96, 705.0, 8, '2024-05-29 15:08:00'),
    (97, 25.5, 5, '2024-05-29 15:09:00'), (98, 52.0, 6, '2024-05-29 15:09:00'), (99, 45.0, 7, '2024-05-29 15:09:00'), (100, 710.0, 8, '2024-05-29 15:09:00'),
    (101, 25.5, 5, '2024-05-29 15:10:00'), (102, 52.0, 6, '2024-05-29 15:10:00'), (103, 44.0, 7, '2024-05-29 15:10:00'), (104, 705.0, 8, '2024-05-29 15:10:00'),
    (105, 25.5, 5, '2024-05-29 15:11:00'), (106, 53.0, 6, '2024-05-29 15:11:00'), (107, 44.0, 7, '2024-05-29 15:11:00'), (108, 720.0, 8, '2024-05-29 15:11:00'),
    (109, 25.5, 5, '2024-05-29 15:12:00'), (110, 53.0, 6, '2024-05-29 15:12:00'), (111, 43.0, 7, '2024-05-29 15:12:00'), (112, 725.0, 8, '2024-05-29 15:12:00'),
    (113, 26.5, 5, '2024-05-29 15:13:00'), (114, 53.0, 6, '2024-05-29 15:13:00'), (115, 42.0, 7, '2024-05-29 15:13:00'), (116, 800.0, 8, '2024-05-29 15:13:00'),
    (117, 26.5, 5, '2024-05-29 15:14:00'), (118, 54.0, 6, '2024-05-29 15:14:00'), (119, 40.0, 7, '2024-05-29 15:14:00'), (120, 800.0, 8, '2024-05-29 15:14:00'),
    (121, 27.5, 5, '2024-05-29 15:15:00'), (122, 52.0, 6, '2024-05-29 15:15:00'), (123, 38.0, 7, '2024-05-29 15:15:00'), (124, 805.0, 8, '2024-05-29 15:15:00'),
    (125, 22.5, 5, '2024-05-29 15:16:00'), (126, 51.0, 6, '2024-05-29 15:16:00'), (127, 35.0, 7, '2024-05-29 15:16:00'), (128, 805.0, 8, '2024-05-29 15:16:00');

-- Insert Measurements for Device 1 (user2)
INSERT INTO CLIMATE_MEASUREMENT (ID, MEASURED_VALUE, SENSOR_ID, TIME_STAMP)
VALUES
    (129, 22.0, 1, '2024-05-29 14:45:00'), (130, 45.0, 2, '2024-05-29 14:45:00'), (131, 50.0, 3, '2024-05-29 14:45:00'), (132, 700.0, 4, '2024-05-29 14:45:00'),
    (133, 21.5, 1, '2024-05-29 14:46:00'), (134, 44.0, 2, '2024-05-29 14:46:00'), (135, 51.0, 3, '2024-05-29 14:46:00'), (136, 705.0, 4, '2024-05-29 14:46:00'),
    (137, 21.0, 1, '2024-05-29 14:47:00'), (138, 43.5, 2, '2024-05-29 14:47:00'), (139, 50.5, 3, '2024-05-29 14:47:00'), (140, 710.0, 4, '2024-05-29 14:47:00'),
    (141, 20.5, 1, '2024-05-29 14:48:00'), (142, 43.0, 2, '2024-05-29 14:48:00'), (143, 51.5, 3, '2024-05-29 14:48:00'), (144, 715.0, 4, '2024-05-29 14:48:00'),
    (145, 20.0, 1, '2024-05-29 14:49:00'), (146, 42.0, 2, '2024-05-29 14:49:00'), (147, 52.0, 3, '2024-05-29 14:49:00'), (148, 720.0, 4, '2024-05-29 14:49:00'),
    (149, 19.5, 1, '2024-05-29 14:50:00'), (150, 41.5, 2, '2024-05-29 14:50:00'), (151, 52.5, 3, '2024-05-29 14:50:00'), (152, 725.0, 4, '2024-05-29 14:50:00'),
    (153, 19.0, 1, '2024-05-29 14:51:00'), (154, 41.0, 2, '2024-05-29 14:51:00'), (155, 53.0, 3, '2024-05-29 14:51:00'), (156, 730.0, 4, '2024-05-29 14:51:00'),
    (157, 18.5, 1, '2024-05-29 14:52:00'), (158, 40.5, 2, '2024-05-29 14:52:00'), (159, 53.5, 3, '2024-05-29 14:52:00'), (160, 735.0, 4, '2024-05-29 14:52:00'),
    (161, 18.0, 1, '2024-05-29 14:53:00'), (162, 40.0, 2, '2024-05-29 14:53:00'), (163, 54.0, 3, '2024-05-29 14:53:00'), (164, 740.0, 4, '2024-05-29 14:53:00'),
    (165, 19.5, 1, '2024-05-29 14:54:00'), (166, 39.5, 2, '2024-05-29 14:54:00'), (167, 54.5, 3, '2024-05-29 14:54:00'), (168, 745.0, 4, '2024-05-29 14:54:00'),
    (169, 19.0, 1, '2024-05-29 14:55:00'), (170, 39.0, 2, '2024-05-29 14:55:00'), (171, 55.0, 3, '2024-05-29 14:55:00'), (172, 750.0, 4, '2024-05-29 14:55:00'),
    (173, 19.5, 1, '2024-05-29 14:56:00'), (174, 38.5, 2, '2024-05-29 14:56:00'), (175, 55.5, 3, '2024-05-29 14:56:00'), (176, 755.0, 4, '2024-05-29 14:56:00'),
    (177, 20.0, 1, '2024-05-29 14:57:00'), (178, 38.0, 2, '2024-05-29 14:57:00'), (179, 56.0, 3, '2024-05-29 14:57:00'), (180, 760.0, 4, '2024-05-29 14:57:00'),
    (181, 20.5, 1, '2024-05-29 14:58:00'), (182, 37.5, 2, '2024-05-29 14:58:00'), (183, 56.5, 3, '2024-05-29 14:58:00'), (184, 765.0, 4, '2024-05-29 14:58:00'),
    (185, 21.0, 1, '2024-05-29 14:59:00'), (186, 37.0, 2, '2024-05-29 14:59:00'), (187, 57.0, 3, '2024-05-29 14:59:00'), (188, 770.0, 4, '2024-05-29 14:59:00'),
    (189, 21.5, 1, '2024-05-29 15:00:00'), (190, 36.5, 2, '2024-05-29 15:00:00'), (191, 57.5, 3, '2024-05-29 15:00:00'), (192, 770.0, 4, '2024-05-29 15:00:00'),
    (193, 22.0, 1, '2024-05-29 15:01:00'), (194, 36.0, 2, '2024-05-29 15:01:00'), (195, 58.0, 3, '2024-05-29 15:01:00'), (196, 770.0, 4, '2024-05-29 15:01:00'),
    (197, 22.5, 1, '2024-05-29 15:02:00'), (198, 35.5, 2, '2024-05-29 15:02:00'), (199, 58.5, 3, '2024-05-29 15:02:00'), (200, 775.0, 4, '2024-05-29 15:02:00'),
    (201, 22.0, 1, '2024-05-29 15:03:00'), (202, 35.0, 2, '2024-05-29 15:03:00'), (203, 58.0, 3, '2024-05-29 15:03:00'), (204, 770.0, 4, '2024-05-29 15:03:00'),
    (205, 22.5, 1, '2024-05-29 15:04:00'), (206, 34.5, 2, '2024-05-29 15:04:00'), (207, 57.5, 3, '2024-05-29 15:04:00'), (208, 765.0, 4, '2024-05-29 15:04:00'),
    (209, 22.0, 1, '2024-05-29 15:05:00'), (210, 34.0, 2, '2024-05-29 15:05:00'), (211, 56.0, 3, '2024-05-29 15:05:00'), (212, 815.0, 4, '2024-05-29 15:05:00'),
    (213, 21.5, 1, '2024-05-29 15:06:00'), (214, 34.0, 2, '2024-05-29 15:06:00'), (215, 55.0, 3, '2024-05-29 15:06:00'), (216, 815.0, 4, '2024-05-29 15:06:00'),
    (217, 21.0, 1, '2024-05-29 15:07:00'), (218, 34.0, 2, '2024-05-29 15:07:00'), (219, 55.0, 3, '2024-05-29 15:07:00'), (220, 810.0, 4, '2024-05-29 15:07:00'),
    (221, 21.0, 1, '2024-05-29 15:08:00'), (222, 32.5, 2, '2024-05-29 15:08:00'), (223, 53.5, 3, '2024-05-29 15:08:00'), (224, 815.0, 4, '2024-05-29 15:08:00'),
    (225, 21.0, 1, '2024-05-29 15:09:00'), (226, 32.0, 2, '2024-05-29 15:09:00'), (227, 52.0, 3, '2024-05-29 15:09:00'), (228, 820.0, 4, '2024-05-29 15:09:00'),
    (229, 21.0, 1, '2024-05-29 15:10:00'), (230, 31.5, 2, '2024-05-29 15:10:00'), (231, 52.5, 3, '2024-05-29 15:10:00'), (232, 825.0, 4, '2024-05-29 15:10:00'),
    (233, 21.0, 1, '2024-05-29 15:11:00'), (234, 32.0, 2, '2024-05-29 15:11:00'), (235, 53.0, 3, '2024-05-29 15:11:00'), (236, 830.0, 4, '2024-05-29 15:11:00'),
    (237, 21.5, 1, '2024-05-29 15:12:00'), (238, 32.5, 2, '2024-05-29 15:12:00'), (239, 53.5, 3, '2024-05-29 15:12:00'), (240, 835.0, 4, '2024-05-29 15:12:00'),
    (241, 22.0, 1, '2024-05-29 15:13:00'), (242, 33.0, 2, '2024-05-29 15:13:00'), (243, 54.0, 3, '2024-05-29 15:13:00'), (244, 840.0, 4, '2024-05-29 15:13:00'),
    (245, 22.0, 1, '2024-05-29 15:14:00'), (246, 34.0, 2, '2024-05-29 15:14:00'), (247, 52.5, 3, '2024-05-29 15:14:00'), (248, 845.0, 4, '2024-05-29 15:14:00'),
    (249, 22.0, 1, '2024-05-29 15:15:00'), (250, 34.0, 2, '2024-05-29 15:15:00'), (251, 52.0, 3, '2024-05-29 15:15:00'), (252, 850.0, 4, '2024-05-29 15:15:00'),
    (253, 22.0, 1, '2024-05-29 15:16:00'), (254, 34.0, 2, '2024-05-29 15:16:00'), (255, 52.5, 3, '2024-05-29 15:16:00'), (256, 855.0, 4, '2024-05-29 15:16:00');



-- EDIT DATES TO CURRENT DATE BEFORE TESTING

-- Insert Open TimeRecord for admin
INSERT INTO TIME_RECORD (ID, START_TIME, USER_ID, WORK_MODE, CREATED_BY, CREATE_DATE)
VALUES
    (32, '2024-06-19 07:00:00', 1, 'MEETING', 'admin', '2024-06-19 07:00:00');

-- Insert Open TimeRecord for user2
INSERT INTO TIME_RECORD (ID, START_TIME, USER_ID, WORK_MODE, CREATED_BY, CREATE_DATE)
VALUES
    (33, '2024-06-19 07:00:00', 3, 'MEETING', 'admin', '2024-06-19 07:00:00');

-- Insert current Measurements for Device 1 (user2)
INSERT INTO CLIMATE_MEASUREMENT (ID, MEASURED_VALUE, SENSOR_ID, TIME_STAMP)
VALUES
    (257, 29.0, 1, '2024-06-19 08:00:00'), (258, 50, 2, '2024-06-19 08:00:00'), (259, 40, 3, '2024-06-19 08:00:00'), (260, 500.0, 4, '2024-06-19 08:00:00');
